# t,ax,ay,az (t in seconds since start)
0.000000,3661,828,1619
0.001200,3682,823,1585
0.002401,3744,792,1465
0.003601,3796,789,1361
0.004802,3799,826,1194
0.006002,3761,885,1137
0.007203,3707,944,1048
0.008403,3674,1056,968
0.009604,3695,1193,981
0.010804,3625,1235,1044
0.012005,3594,1249,1110
0.013205,3577,1227,1117
0.014406,3599,1201,1146
0.015606,3642,1168,1118
0.016807,3606,1059,1099
0.018007,3624,972,1090
0.019208,3668,944,1082
0.020408,3680,921,1076
0.021609,3672,930,1066
0.022809,3669,971,1073
0.000181,3663,984,1117
0.001381,3645,1003,1087
0.002581,3636,1021,1075
0.003782,3635,1051,1014
0.004982,3657,1069,1119
0.006183,3683,1110,1163
0.007383,3703,1164,1111
0.008584,3725,1180,1118
0.009784,3737,1217,1096
0.010985,3744,1230,1079
0.012185,3723,1235,1011
0.013386,3750,1235,933
0.014586,3747,1211,951
0.015787,3728,1213,1046
0.016987,3735,1193,1174
0.018188,3730,1160,1285
0.019388,3718,1192,1325
0.020589,3728,1492,1395
0.021789,3773,1362,1542
0.022990,3780,1532,1562
0.089109,3793,1657,1593
0.090309,3805,1701,1573
0.091510,3801,1732,1540
0.092710,3795,1727,1516
0.093911,3799,1720,1478
0.095111,3784,1657,1496
0.096311,3779,1588,1484
0.097512,3786,1505,1478
0.098712,3782,1463,1454
0.099913,3763,1444,1454
0.101113,3761,1459,1448
0.102314,3742,1464,1420
0.103514,3753,1511,1393
0.104715,3756,1525,1364
0.105915,3766,1552,1340
0.107116,3774,1541,1276
0.108316,3791,1515,1192
0.109517,3804,1500,1159
0.110717,3824,1492,1092
0.111918,3829,1473,1074
0.089259,3821,1470,1101
0.090460,3960,1769,1138
0.091660,3883,1703,1114
0.092861,3782,1474,1166
0.094061,3752,1306,1026
0.095262,3712,1303,1028
0.096462,3605,1155,1146
0.097663,3596,1165,1145
0.098863,3621,1280,1125
0.100064,3680,1304,1156
0.101264,3750,1325,1162
0.102465,3779,1312,1125
0.103665,3806,1246,1047
0.104865,3817,1161,982
0.106066,3823,1134,971
0.107266,3780,1187,972
0.108467,3721,1216,977
0.109667,3696,1351,990
0.110868,3704,1434,1002
0.112068,3712,1479,1064
0.140367,3753,1489,1144
0.141567,3766,1520,1221
0.142768,3825,1280,1402
0.143968,3845,1516,1507
0.145169,3860,1492,1782
0.146369,3847,1484,1541
0.147570,3831,1470,1505
0.148770,3803,1442,1422
0.149971,3783,1390,1372
0.151171,3738,1376,1313
0.152372,3712,1290,1242
0.153572,3701,1204,1211
0.154773,3673,1161,1168
0.155973,3662,1153,1153
0.157173,3660,1144,1115
0.158374,3655,1129,1094
0.159574,3659,1121,1078
0.160775,3678,1097,1070
0.161975,3674,1105,1050
0.163176,3699,1124,999
0.189557,3727,1143,957
0.190758,3745,1150,946
0.191958,3730,1157,939
0.193159,3724,1152,976
0.194359,3715,1138,1020
0.195560,3688,1159,1018
0.196760,3689,1226,1058
0.197961,3706,1270,1121
0.199161,3773,1399,1136
0.200362,3813,1548,1183
0.201562,3893,1612,1175
0.202763,3955,1738,1085
0.203963,3972,1793,1034
0.205163,4023,1756,922
0.206364,4016,1724,808
0.207564,3968,1614,751
0.208765,3957,1490,721
0.209965,3911,1391,805
0.211166,3855,1230,959
0.212366,3829,1094,1050
0.189735,3779,1027,1210
0.190936,3733,1026,1278
0.192136,3713,1057,1037
0.193337,3694,1109,1252
0.194537,3691,1120,1240
0.195738,3702,1173,1244
0.196938,3707,1221,1276
0.198139,3727,1249,1316
0.199339,3743,1284,1355
0.200539,3757,1307,1368
0.201740,3764,1305,1369
0.202940,3763,1296,1369
0.204141,3782,1280,1374
0.205341,3779,1239,1401
0.206542,3780,1217,1432
0.207742,3787,1184,1459
0.208943,3755,1169,1436
0.210143,3771,1169,1413
0.211344,3743,1166,1348
0.212544,3747,1191,1307
0.245027,3728,1219,1293
0.246227,3723,1233,1261
0.247428,3745,1269,1240
0.248628,3739,1296,1201
0.249829,3762,1313,1155
0.251029,3775,1323,1091
0.252230,3788,1305,1062
0.253430,3793,1320,1050
0.254631,3790,1319,1028
0.255831,3780,1310,988
0.257032,3776,1284,962
0.258232,3757,1239,946
0.259433,3729,1233,961
0.260633,3721,1190,952
0.261834,3700,1160,984
0.263034,3699,1171,1017
0.264235,3717,1146,1037
0.265435,3703,1118,1043
0.266635,3716,1040,985
0.267836,3708,1038,987
0.245185,3708,1024,983
0.246385,3715,1061,1050
0.247585,3725,1113,1147
0.248786,3739,1199,1280
0.249986,3740,1297,1295
0.251187,3771,1404,1303
0.252387,3794,1433,1298
0.253588,3832,1521,1535
0.254788,3853,1544,1266
0.255989,3854,1549,1252
0.257189,3855,1526,1231
0.258390,3863,1471,1254
0.259590,3835,1360,1265
0.260791,3813,1309,1287
0.261991,3816,1167,1024
0.263192,3764,1066,1218
0.264392,3740,1039,1124
0.265593,3719,1031,1048
0.266793,3713,1100,1059
0.267994,3743,1150,1111
0.293008,3736,1209,1090
0.294208,3749,1239,1062
0.295409,3749,1282,973
0.296609,3775,1283,902
0.297810,3804,1288,829
0.299010,3817,1277,798
0.300211,3796,1240,829
0.301411,3793,1182,921
0.302612,3783,1164,974
0.303812,3795,1156,1075
0.305013,3762,1176,1187
0.306213,3723,1180,1287
0.307414,3722,1222,1327
0.308614,3697,1515,1348
0.309815,3671,1348,1380
0.311015,3670,1387,1370
0.312216,3671,1449,1398
0.313416,3690,1468,1408
0.314616,3705,1498,1435
0.315817,3711,1486,1428
0.373087,3738,1479,1421
0.374287,3758,1411,1429
0.375488,3739,1389,1427
0.376688,3733,1376,1419
0.377889,3736,1386,1358
0.379089,3718,1401,1335
0.380290,3704,1411,1208
0.381490,3671,1391,987
0.382690,3640,1349,766
0.383891,3636,1316,667
0.385091,3676,1298,643
0.386292,3713,1292,763
0.387492,3758,1367,841
0.388693,3781,1432,999
0.389893,3835,1464,1081
0.391094,3862,1546,1125
0.392294,3877,1630,1111
0.393495,3873,1698,1143
0.394695,3875,1713,1132
0.395896,3878,1705,1156
0.422908,3835,1613,1221
0.424109,3797,1541,1330
0.425309,3776,1374,1482
0.426510,3763,133,6380
0.427710,2393,3622,31951
0.428911,3672,8113,31904
0.430111,3488,3596,7111
0.431311,2824,-88,3768
0.432512,1472,9,-169
0.433712,1976,1931,-3981
0.434913,2577,2664,-4098
0.436113,3243,2125,-2991
0.437314,3560,1943,-1500
0.438514,3688,1883,-1213
0.439715,3721,1737,-1178
0.440915,4348,900,-1516
0.442116,4500,1208,-915
0.443316,4410,815,-557
0.444517,4254,136,-230
0.445717,4219,97,-699
0.423040,3931,-194,-989
0.424240,4079,-371,-1363
0.425441,3990,-411,-1997
0.426641,4015,-497,-2618
0.427842,3932,-474,-2643
0.429042,3899,-71,-2782
0.430243,3857,-66,-3168
0.431443,3824,144,-3293
0.432644,3812,290,-3426
0.433844,3832,365,-3478
0.435045,3879,452,-3121
0.436245,3883,574,-3013
0.437446,3890,658,-2478
0.438646,3885,827,-2010
0.439847,3881,973,-1853
0.441047,3853,1089,-1698
0.442247,3820,1123,-1711
0.443448,3800,1093,-1735
0.444648,3796,972,-1785
0.445849,3748,916,-1812
0.498528,3711,775,-1821
0.499729,3740,750,-1829
0.500929,3719,695,-1794
0.502130,3727,676,-1712
0.503330,3726,644,-1652
0.504531,3711,655,-1422
0.505731,3690,688,-1111
0.506932,3673,750,-760
0.508132,3671,854,-647
0.509333,3703,965,-412
0.510533,3704,1033,-139
0.511734,3759,1211,-76
0.512934,3820,1308,68
0.514134,3865,1363,227
0.515335,3864,1361,353
0.516535,3858,1402,436
0.517736,3844,1457,690
0.518936,3818,1483,935
0.520137,3819,1485,1105
0.521337,3801,1547,1334
0.498654,3806,1565,1484
0.499855,3805,1617,1781
0.501055,3814,1701,1950
0.502256,3857,1779,2403
0.503456,3856,1772,2581
0.504657,4082,1887,2667
0.505857,3837,1937,2932
0.507058,3744,2034,3030
0.508258,3546,1902,3368
0.509459,2812,1186,3420
0.510659,3382,1223,3350
0.511860,3733,1159,3587
0.513060,3872,1167,3580
0.514261,3971,1173,3395
0.515461,4012,1170,3143
0.516661,4017,1249,2749
0.517862,3986,1508,2521
0.519062,3920,1691,1980
0.520263,3827,2109,1399
0.521463,3828,2466,1121
0.538042,3787,2668,661
0.539242,3804,2687,259
0.540443,3842,2557,-139
0.541643,3857,2295,-71
0.542844,3868,2135,-97
0.544044,3854,1791,-42
0.545245,3837,1466,14
0.546445,3806,1234,170
0.547646,3735,1121,349
0.548846,3678,983,1404
0.550046,3542,223,3249
0.551247,3152,-65,7262
0.552447,2752,607,12511
0.553648,3054,3743,13540
0.554848,3698,3368,9261
0.556049,3584,2372,1537
0.557249,3461,1023,-1087
0.558450,3344,1484,-1381
0.559650,3461,1877,-339
0.560851,3806,2059,816
0.581954,3888,2016,1172
0.583154,3951,1967,1881
0.584355,3906,1773,2179
0.585555,3602,1493,2512
0.586756,3813,1153,2361
0.587956,3622,972,1996
0.589157,4578,509,1426
0.590357,4459,772,2265
0.591558,4006,583,1503
0.592758,3793,342,1198
0.593959,4089,543,758
0.595159,3797,609,168
0.596359,3814,640,-152
0.597560,3840,667,-650
0.598760,3900,701,-956
0.599961,3909,322,-1536
0.601161,3952,353,-1815
0.602362,3970,72,-1876
0.603562,4042,-52,-1864
0.604763,4065,-81,-1770
0.603828,4096,-10,-1628
0.605029,4106,162,-1535
0.606229,4095,277,-1396
0.607430,4047,481,-1350
0.608630,4031,713,-1354
0.609831,4050,903,-1452
0.611031,4012,981,-1666
0.612232,3970,1063,-1900
0.613432,3960,944,-2107
0.614633,3918,845,-2146
0.615833,3870,719,-2106
0.617034,3850,636,-2115
0.618234,3805,675,-2097
0.619435,3788,718,-2102
0.620635,3748,763,-2018
0.621836,3721,747,-1807
0.623036,3723,724,-1587
0.624236,3694,706,-1381
0.625437,3701,671,-1279
0.626637,3651,635,-1134
0.656573,3639,618,-964
0.657774,3634,615,-941
0.658974,3693,762,-820
0.660175,3760,827,-788
0.661375,3780,946,-654
0.662576,3780,916,-567
0.663776,3764,895,-313
0.664977,3751,873,87
0.666177,3745,950,478
0.667378,3724,1149,691
0.668578,3741,1270,1329
0.669779,3719,1432,1715
0.670979,3694,1483,2286
0.672180,3653,1960,2688
0.673380,3631,2128,3020
0.674580,3579,2262,3258
0.675781,3067,1342,3404
0.676981,2804,1554,3491
0.678182,3363,1260,4073
0.679382,3586,1065,4270
0.699665,3955,941,4440
0.700866,4084,674,4453
0.702066,4080,493,4433
0.703267,4066,491,4239
0.704467,4027,443,3904
0.705668,3965,743,3661
0.706868,3944,1360,3223
0.708069,3828,1940,2624
0.709269,3794,2249,2221
0.710470,3776,2674,2045
0.711670,3779,2929,1682
0.712871,3805,2956,1258
0.714071,3824,2951,862
0.715272,3837,2822,679
0.716472,3877,2752,345
0.717673,3905,2602,143
0.718873,3913,2459,104
0.720073,3942,2277,125
0.721274,3913,2144,183
0.722474,3870,1866,196
0.740067,3844,1613,273
0.741268,3760,1508,408
0.742468,3668,1317,602
0.743669,3640,1197,677
0.744869,3583,1104,659
0.746070,3505,1030,642
0.747270,3460,912,633
0.748471,3432,596,1164
0.749671,2975,-441,6585
0.750871,2139,-1078,15526
0.752072,2068,2261,18909
0.753272,3233,2796,12540
0.754473,3361,1335,1053
0.755673,3355,265,-2197
0.756874,3302,1661,-2071
0.758074,3408,2293,-685
0.759275,3843,2614,131
0.760475,3996,2574,268
0.761676,4111,2516,615
0.762876,4137,2526,1186
0.740186,4155,2414,1488
0.741386,4169,2048,1984
0.742587,4078,1802,2265
0.743787,3945,1232,2331
0.744988,3852,1259,2826
0.746188,3244,1896,1546
0.747389,4461,1011,970
0.748589,4025,773,1072
0.749790,3660,99,836
0.750990,3824,434,-192
0.752191,3721,617,-454
0.753391,3761,716,-585
0.754592,3815,726,-1211
0.755792,3918,702,-1716
0.756993,3902,399,-1878
0.758193,3971,106,-2101
0.759394,4017,-1,-2054
0.760594,4061,-51,-1930
0.761795,4070,46,-1792
0.762995,4071,155,-1415
0.801240,4077,514,-1027
0.802440,4049,877,-603
0.803640,3998,1173,-589
0.804841,3978,1335,-492
0.806041,3963,1525,-768
0.807242,3940,1569,-681
0.808442,3917,1527,-1104
0.809643,3881,1398,-1521
0.810843,3859,1105,-1619
0.812044,3832,857,-1642
0.813244,3802,786,-1529
0.814445,3782,795,-1477
0.815645,3774,841,-1362
0.816846,3754,871,-1256
0.818046,3661,844,-1192
0.819247,3678,784,-940
0.820447,3631,696,-896
0.821648,3610,647,-869
0.822848,3608,656,-863
0.824049,3620,763,-904
0.849217,3750,866,-846
0.850417,3801,1019,-740
0.851618,3815,1072,-656
0.852818,3775,1071,-398
0.854019,3737,1033,-43
0.855219,3721,993,192
0.856420,3673,942,564
0.857620,3641,988,1054
0.858821,3574,1063,1498
0.860021,3568,1284,1639
0.861222,3617,1362,1916
0.862422,3634,1590,2239
0.863623,3743,1808,2392
0.864823,4056,1683,2648
0.866023,3938,1859,3039
0.867224,3626,2094,2882
0.868424,3425,2052,2669
0.869625,2155,1539,2621
0.870825,2781,1531,3025
0.872026,2988,1393,3114
0.891381,3376,1266,3329
0.892582,3674,1156,3371
0.893782,3782,836,3350
0.894983,3808,589,3307
0.896183,3845,555,3066
0.897384,3868,683,2819
0.898584,3888,1059,2695
0.899785,3921,1528,2347
0.900985,3928,1776,1977
0.902186,3930,2246,1544
0.903386,3917,2617,1515
0.904587,3859,2726,2430
0.905787,3514,2697,3375
0.906988,3396,2139,3834
0.908188,3202,1620,5664
0.909389,3097,1389,10323
0.910589,3374,1512,8746
0.911790,3581,449,6214
0.912990,3536,104,3051
0.914190,3221,517,2048
0.944492,3104,1505,1949
0.945692,3120,1863,2153
0.946893,3256,2076,2218
0.948093,3352,2401,2166
0.949294,3510,2531,2091
0.950494,3641,2562,2119
0.951695,3718,2565,2231
0.952895,3817,2315,2208
0.954096,3922,2264,2228
0.955296,3899,2142,2167
0.956497,3642,2012,2034
0.957697,3833,1996,1927
0.958898,3761,1886,1702
0.960098,3781,1838,1548
0.961299,3581,-748,-1263
0.962499,5627,2583,141
0.963700,3736,1535,273
0.964900,3750,1360,203
0.966100,3476,850,362
0.967301,3644,834,-256
0.995337,3630,734,-306
0.996537,3685,755,-391
0.997738,3825,749,-815
0.998938,3922,704,-1238
1.000139,3881,435,-1317
1.001339,3921,221,-1478
1.002540,3938,163,-1694
1.003740,3943,86,-1942
1.004941,3960,75,-1936
1.006141,3979,87,-1818
1.007342,3995,236,-1463
1.008542,3995,516,-1172
1.009743,3972,928,-643
1.010943,3967,1172,-373
1.012144,3986,1549,-46
1.013344,3985,1766,-208
1.014545,3978,1805,-416
1.015745,3957,1799,-829
1.016945,3919,1665,-1086
1.018146,3895,1381,-1428
1.020494,3859,1203,-1472
1.021695,3853,1008,-1457
1.022895,3831,938,-1370
1.024096,3783,933,-1239
1.025296,3729,968,-1168
1.026497,3723,982,-1113
1.027697,3680,1001,-954
1.028898,3655,1006,-826
1.030098,3622,982,-757
1.031299,3634,978,-643
1.032499,3612,1000,-408
1.033700,3649,1043,-286
1.034900,3650,1218,-183
1.036101,3736,1304,-78
1.037301,3773,1482,100
1.038502,3780,1538,480
1.039702,3777,1418,326
1.040903,3744,1375,509
1.042103,3685,1292,752
1.043304,3686,1193,863
1.068484,4176,827,1021
1.069685,4019,1002,1261
1.070885,3663,1277,1295
1.072086,3708,1480,1356
1.073286,3588,1612,1544
1.074486,3595,1789,1862
1.075687,3551,1992,2003
1.076887,3568,2298,2189
1.078088,3497,2097,2392
1.079288,3457,2092,2409
1.080489,3441,1970,2392
1.081689,3365,1938,2515
1.082890,3302,1854,2618
1.084090,3256,1800,2682
1.085291,3034,1793,2871
1.086491,3009,1831,3617
1.087692,3149,1543,4092
1.088892,3402,925,4853
1.090093,3581,700,5371
1.091293,3610,612,5804
1.068606,3560,998,6355
1.069806,3512,1202,5092
1.071007,3400,1353,3937
1.072207,3366,1638,3648
1.073408,3348,1878,3526
1.074608,3431,1913,3617
1.075809,3500,2008,3350
1.077009,3526,2030,3460
1.078210,3556,2022,3079
1.079410,3569,1945,2777
1.080611,3581,1837,2674
1.081811,3623,1766,2581
1.083012,3638,1699,2470
1.084212,3643,1629,2429
1.085413,3638,1576,2302
1.086613,3633,1552,2144
1.087814,3601,1528,1970
1.089014,3633,1327,1778
1.090215,3710,1354,1555
1.091415,3726,1383,1253
1.105414,3680,1432,1132
1.106615,3764,1578,1018
1.107815,3794,1598,876
1.109016,3765,1998,-1669
1.110216,2022,3352,1720
1.111417,4643,1419,394
1.112617,4027,1856,-237
1.113818,3538,847,203
1.115018,3728,999,-582
1.116219,3639,1000,-892
1.117419,3698,1008,-1139
1.118620,3769,1033,-1397
1.119820,3882,1060,-1878
1.121021,3872,846,-2180
1.122221,3908,608,-2274
1.123422,3919,372,-2096
1.124622,3910,341,-1742
1.125822,3855,362,-1298
1.127023,3852,560,-981
1.128223,3816,970,-436
1.141394,3812,1165,-276
1.142595,3813,1584,-293
1.143795,3844,1765,-337
1.144996,3899,1799,-420
1.146196,3899,1761,-701
1.147397,3890,1697,-840
1.148597,3824,1658,-977
1.149798,3760,1452,-784
1.150998,3751,1322,-617
1.152199,3701,1209,-349
1.153399,3670,1211,-134
1.154599,3653,1243,190
1.155800,3651,1251,65
1.157000,3642,1253,144
1.158201,3648,1239,181
1.159401,3655,1226,248
1.160602,3691,1339,295
1.161802,3783,1405,346
1.163003,3795,1420,411
1.164203,3793,1406,564
1.189525,3762,1381,677
1.190726,3709,1379,806
1.191926,3698,1417,948
1.193127,3688,1411,1140
1.194327,3695,1439,1277
1.195528,3848,1140,1544
1.196728,3959,1438,1681
1.197929,3881,1565,1645
1.199129,3758,1804,1702
1.200330,3725,1962,1805
1.201530,3717,2263,2083
1.202731,3761,2154,2212
1.203931,3759,2133,2275
1.205132,3719,2079,2363
1.206332,3659,2002,2460
1.207533,3598,1885,2600
1.208733,3576,1748,2679
1.209933,3570,1695,3054
1.211134,3520,1565,3662
1.212334,3479,1450,4035
1.245163,3329,1239,4957
1.246364,3176,1082,5781
1.247564,3079,645,6306
1.248764,3056,565,6332
1.249965,2981,934,5820
1.251165,2928,878,5049
1.252366,2944,1079,4809
1.253566,3007,1294,4563
1.254767,3132,1399,4402
1.255967,3247,1643,4043
1.257168,3305,1854,3895
1.258368,3398,1886,3470
1.259569,3459,1956,2994
1.260769,3510,1951,2800
1.261970,3612,1879,2439
1.263170,3671,1847,2271
1.264371,3690,1821,2224
1.265571,3685,1779,2139
1.266772,3792,1640,1965
1.267972,3870,1733,1834
1.302193,3905,1717,1766
1.303393,3843,1807,1709
1.304594,3862,1876,1524
1.305794,3796,1933,1639
1.306995,3936,-699,-1331
1.308195,5432,3705,1354
1.309396,3770,1520,269
1.310596,4111,1233,113
1.311797,3512,1054,180
1.312997,3616,947,-565
1.314198,3337,817,-714
1.315398,3622,878,-939
1.316599,3725,875,-1210
1.317799,3775,877,-1570
1.319000,3746,711,-1620
1.320200,3814,673,-1778
1.321401,3817,583,-1898
1.322601,3808,462,-1933
1.323802,3773,407,-1886
1.325002,3787,437,-1684
1.341772,3834,625,-1429
1.342973,3840,880,-1293
1.344173,3874,1061,-985
1.345374,3933,1402,-647
1.346574,3940,1690,-546
1.347775,3924,1845,-492
1.348975,3900,1882,-780
1.350176,3821,1856,-1015
1.351376,3799,1665,-1023
1.352577,3735,1303,-938
1.353777,3677,1421,-744
1.354978,3687,1348,-639
1.356178,3650,1294,-526
1.357379,3634,1287,-410
1.358579,3630,1270,-313
1.359780,3640,1237,-257
1.360980,3699,1299,-186
1.362181,3737,1358,-95
1.363381,3767,1362,0
1.364582,3765,1344,161
1.341925,3721,1324,352
1.343126,3682,1247,491
1.344326,3669,1207,575
1.345526,3661,1208,807
1.346727,3644,1169,976
1.347927,3676,1010,1006
1.349128,4051,1116,1313
1.350328,3962,1343,1447
1.351529,3775,1530,1489
1.352729,3738,1661,1465
1.353930,3667,1686,1754
1.355130,3680,1767,1973
1.356331,3676,1907,2029
1.357531,3669,1910,2157
1.358732,3605,1909,2215
1.359932,3567,1875,2306
1.361133,3516,1820,2577
1.362333,3487,1752,3013
1.363534,3453,1669,3598
1.364734,3440,1594,3908
1.379395,3331,1517,4508
1.380596,3217,1434,5038
1.381796,3165,1296,5210
1.382997,3157,1262,5329
1.384197,3201,1364,5108
1.385398,3124,1521,4480
1.386598,3054,1422,4176
1.387799,3013,1330,4118
1.388999,3139,1285,4483
1.390200,3193,1477,4614
1.391400,3303,1788,4651
1.392601,3385,1930,4471
1.393801,3436,2120,4083
1.395002,3471,2154,3818
1.396202,3525,2134,3301
1.397403,3537,1980,2962
1.398603,3524,1853,2849
1.399804,3511,1691,2579
1.401004,3593,1573,2239
1.402205,3708,1556,1986
1.418394,3692,1542,1916
1.419594,3742,1620,1704
1.420795,3688,1566,1528
1.421995,3707,1630,1469
1.423196,3826,1643,1239
1.424396,3580,1583,375
1.425597,5063,1592,-409
1.426797,5017,1470,1549
1.427997,3943,1364,330
1.429198,3593,808,720
1.430398,3643,886,456
1.431599,3603,834,121
1.432799,3548,839,51
1.434000,3636,1007,-106
1.435200,3668,1147,-430
1.436401,3706,1057,-734
1.437601,3783,981,-985
1.438802,3776,845,-1132
1.440002,3796,747,-1391
1.441203,3771,674,-1586
1.481112,3829,653,-1630
1.482312,3863,730,-1558
1.483513,3889,830,-1527
1.484713,3924,1016,-1626
1.485914,3958,1147,-1614
1.487114,3986,1173,-1364
1.488315,3980,1154,-961
1.489515,3942,1260,-814
1.490716,3896,1455,-800
1.491916,3852,1561,-918
1.493116,3817,1641,-1137
1.494317,3782,1603,-1254
1.495517,3761,1622,-1477
1.496718,3742,1554,-1459
1.497918,3735,1402,-1381
1.499119,3698,1269,-1194
1.500319,3677,1207,-921
1.501520,3668,1109,-673
1.502720,3655,1047,-559
1.503921,3628,1017,-372
1.520496,3618,1023,-177
1.521697,3631,1026,-153
1.522897,3630,1062,-35
1.524098,3678,1106,-7
1.525298,3765,1239,96
1.526499,3780,1339,221
1.527699,3792,1342,440
1.528900,3756,1302,634
1.530100,3757,1331,761
1.531301,3705,1303,1017
1.532501,3626,1332,1289
1.533702,3632,1508,1594
1.534902,3645,1679,1695
1.536103,3658,2007,1947
1.537303,3732,1936,2242
1.538504,3797,2012,2277
1.539704,4109,2161,2651
1.540905,4049,2265,2936
1.542105,3925,2398,3000
1.543306,3863,2435,3126
1.557742,3739,2323,3589
1.558943,3667,2144,4081
1.560143,3632,1875,4321
1.561344,3494,1640,4783
1.562544,3345,1515,5114
1.563745,3156,1329,5135
1.564945,3079,1103,5179
1.566145,2957,1005,5127
1.567346,2919,898,5025
1.568546,2936,852,5040
1.569747,3002,931,5207
1.570947,3105,1069,5239
1.572148,3149,1436,4949
1.573348,3219,1803,4764
1.574549,3311,1929,4371
1.575749,3510,2026,3930
1.576950,3551,2031,3788
1.578150,3739,1898,3351
1.579351,3822,1835,2937
1.580551,3814,1813,2758
1.611055,3756,1717,2412
1.612256,3669,1705,2073
1.613456,3672,1647,1793
1.614657,3611,1492,1805
1.615857,3671,1450,1517
1.617058,3605,1597,-1222
1.618258,5456,2653,2653
1.619459,4697,1276,1064
1.620659,3950,1510,567
1.621860,3534,818,724
1.623060,3638,892,316
1.624261,3539,880,-36
1.625461,3532,892,-176
1.626662,3589,985,-372
1.627862,3692,1061,-752
1.629063,3664,959,-995
1.630263,3732,840,-1205
1.631464,3765,716,-1232
1.632664,3797,667,-1348
1.633865,3779,593,-1578
1.688388,3789,667,-1714
1.689589,3866,791,-1935
1.690789,3900,840,-2016
1.691990,3961,891,-2026
1.693190,3976,966,-1953
1.694391,3998,1004,-1808
1.695591,3983,1070,-1685
1.696792,3976,1125,-1641
1.697992,3938,1207,-1699
1.699193,3903,1239,-1846
1.700393,3830,1262,-1882
1.701594,3804,1247,-2058
1.702794,3783,1265,-2307
1.703995,3774,1280,-2470
1.705195,3759,1195,-2469
1.706395,3744,1171,-2484
1.707596,3722,1163,-2478
1.708796,3685,1119,-2126
1.709997,3677,1070,-2198
1.711197,3633,768,-2094
1.688553,3630,953,-1843
1.689753,3602,904,-1742
1.690954,3547,880,-1539
1.692154,3502,848,-1317
1.693355,3512,820,-1236
1.694555,3531,902,-1077
1.695756,3639,1000,-958
1.696956,3727,1269,-751
1.698157,3740,1392,-600
1.699357,3731,1404,-319
1.700558,3626,1392,201
1.701758,3334,1382,705
1.702959,3493,1527,847
1.704159,3476,1591,1385
1.705359,3441,1748,1745
1.706560,3459,1951,1874
1.707760,3507,2076,2290
1.708961,3533,2167,2429
1.710161,3983,2041,2572
1.711362,3942,2296,2973
1.688637,3929,2274,2989
1.689838,3860,2343,3018
1.691038,3778,2273,3081
1.692239,3673,2215,3165
1.693439,3608,2076,3447
1.694640,3584,1994,3563
1.695840,3559,1771,4143
1.697041,3481,1685,5071
1.698241,3317,1505,6105
1.699442,3211,1161,6488
1.700642,3013,667,6836
1.701843,2874,486,6779
1.703043,2811,255,6682
1.704244,2752,367,6335
1.705444,2772,513,5755
1.706645,2846,822,5519
1.707845,2919,1149,5365
1.709046,3091,1300,5362
1.710246,3238,1611,5305
1.711447,3282,1839,5184
1.739531,3527,1836,3600
1.740731,3619,1681,3267
1.741932,3714,1541,3202
1.743132,3788,1546,3166
1.744333,3773,1687,2755
1.745533,3664,1880,2629
1.746734,3697,2097,2358
1.747934,3363,2093,22
1.749135,5136,2505,331
1.750335,4839,2226,2273
1.751536,3972,2180,478
1.752736,3508,1406,964
1.753936,3511,1279,773
1.755137,3499,1254,111
1.756337,3413,1159,-121
1.757538,3498,1141,-358
1.758738,3547,1142,-594
1.759939,3607,1031,-979
1.761139,3695,825,-1241
1.762340,3742,675,-1371
1.791500,3787,640,-1704
1.792700,3791,539,-2020
1.793901,3859,491,-2154
1.795101,3936,507,-2283
1.796302,3969,517,-2426
1.797502,4001,516,-2505
1.798702,4005,591,-2541
1.799903,4051,646,-2530
1.801103,4055,749,-2340
1.802304,4072,877,-2211
1.803504,4031,1122,-2123
1.804705,3984,1251,-2169
1.805905,3881,1428,-2299
1.807106,3840,1483,-2369
1.808306,3800,1779,-2545
1.809507,3774,1535,-2517
1.810707,3756,1303,-2434
1.811908,3730,1224,-2282
1.813108,3694,1223,-2217
1.814309,3645,1222,-2192
1.841377,3634,1234,-2128
1.842577,3593,1248,-2194
1.843778,3597,1250,-2282
1.844978,3598,1149,-2284
1.846179,3598,1024,-2297
1.847379,3571,988,-2101
1.848580,3517,844,-1758
1.849780,3500,802,-1638
1.850981,3428,823,-1465
1.852181,3470,894,-1267
1.853382,3477,1006,-1210
1.854582,3526,1115,-985
1.855782,3547,1151,-708
1.856983,3824,1256,-332
1.858183,3670,1413,-198
1.859384,3719,1447,-20
1.860584,3734,1504,411
1.861785,3697,1440,594
1.862985,3600,1405,950
1.864186,3508,1386,1339
1.882012,3519,1430,1747
1.883213,3553,1496,1733
1.884413,3536,1523,1964
1.885614,3715,1384,2149
1.886814,3789,1595,2365
1.888014,3821,2009,2592
1.889215,3755,2013,2578
1.890415,3710,2227,2705
1.891616,3671,2359,3004
1.892816,3672,2421,3252
1.894017,3651,2395,3723
1.895217,3637,2351,4064
1.896418,3571,2296,4848
1.897618,3443,2167,5466
1.898819,3095,1876,5748
1.900019,3182,1509,6102
1.901220,3031,1335,6416
1.902420,2919,1104,6526
1.903621,2898,1068,6480
1.904821,2871,1089,6229
1.918007,2868,1228,5761
1.919207,2897,1442,5521
1.920408,3012,1670,5117
1.921608,3121,1785,4889
1.922809,3248,2014,4794
1.924009,3308,2222,4753
1.925210,3403,2320,4679
1.926410,3443,2371,4428
1.927611,3434,2294,4275
1.928811,3465,2193,3849
1.930012,3425,2107,3482
1.931212,3378,1994,3265
1.932413,3401,1826,2963
1.933613,3346,1750,2763
1.934814,3349,1712,2639
1.936014,3366,1744,2595
1.937214,3356,1759,2478
1.938415,3550,1529,1980
1.939615,3740,1445,1709
1.940816,3832,1540,1262
1.952380,3532,1596,-1892
1.953581,5674,2376,-523
1.954781,5140,1820,1179
1.955982,4136,1827,-362
1.957182,3751,1227,19
1.958383,3703,1004,-714
1.959583,3611,871,-835
1.960784,3519,749,-973
1.961984,3600,656,-1224
1.963185,3661,505,-1486
1.964385,3666,448,-1612
1.965586,3710,283,-1803
1.966786,3762,242,-1896
1.967986,3806,312,-2043
1.969187,3838,331,-2046
1.970387,3916,477,-2063
1.971588,3932,588,-2004
1.972788,3967,659,-1881
1.973989,3941,739,-1691
1.975189,3938,908,-1544
2.017464,3961,1170,-1212
2.018665,3937,1277,-885
2.019865,3901,1530,-717
2.021066,3874,1736,-694
2.022266,3836,1820,-840
2.023467,3795,1847,-1102
2.024667,3751,1741,-1283
2.025868,3777,1625,-1679
2.027068,3776,1544,-2272
2.028269,3767,1405,-2636
2.029469,3777,1155,-2630
2.030670,3748,799,-2446
2.031870,3707,977,-2102
2.033071,3694,1028,-1926
2.034271,3663,1173,-1574
2.035472,3640,1227,-1323
2.036672,3557,1316,-1240
2.037873,3529,1288,-1087
2.039073,3508,1041,-771
2.040274,3457,1163,-836
2.017592,3455,1181,-757
2.018793,3479,1174,-655
2.019993,3545,1164,-488
2.021194,3646,1196,-444
2.022394,3652,1244,-114
2.023595,3641,1305,74
2.024795,3664,1353,224
2.025996,3680,1418,334
2.027196,3719,1422,635
2.028397,3703,1437,915
2.029597,3694,1394,1103
2.030798,3648,1332,1440
2.031998,3703,1327,1589
2.033199,4078,1249,2032
2.034399,4006,1640,2209
2.035600,3813,1838,2315
2.036800,3656,2071,2736
2.038001,3364,2254,3157
2.039201,3596,2279,3219
2.040401,3586,2359,3547
2.061085,3536,2326,3793
2.062285,3539,2293,3941
2.063486,3501,2237,4272
2.064686,3499,2080,4782
2.065887,3483,1885,5103
2.067087,3391,1729,5687
2.068287,3274,1639,5904
2.069488,3142,1452,5800
2.070688,3089,1258,5685
2.071889,3069,1262,5417
2.073089,3074,1233,5307
2.074290,3124,1037,5399
2.075490,3235,1171,5468
2.076691,3242,1327,5186
2.077891,3235,1613,4849
2.079092,3253,1852,4651
2.080292,3315,1963,4272
2.081493,3354,2065,3892
2.082693,3403,2056,3671
2.083894,3440,1995,3279
2.097564,3450,1929,2892
2.098764,3488,1861,2647
2.099965,3460,1761,2588
2.101165,3504,1800,2391
2.102366,3694,1675,1988
2.103566,3824,1710,1867
2.104767,3858,1867,1619
2.105967,3864,1898,1238
2.107168,2522,187,2561
2.108368,5243,3487,35
2.109569,4177,2010,160
2.110769,3901,1961,559
2.111970,3652,1264,656
2.113170,3719,1249,89
2.114371,3523,1252,-138
2.115571,3481,1241,-117
2.116772,3583,1210,-313
2.117972,3636,1162,-728
2.119173,3691,984,-1090
2.120373,3706,832,-1371
2.134839,3792,518,-1734
2.136040,3801,633,-2034
2.137240,4069,507,-2053
2.138441,3905,431,-2065
2.139641,3924,444,-1969
2.140842,3900,482,-1798
2.142042,3879,644,-1708
2.143243,3896,782,-1546
2.144443,3910,1042,-1368
2.145644,3921,1333,-1320
2.146844,3909,1566,-1284
2.148045,3893,1679,-1297
2.149245,3842,1782,-1397
2.150446,3820,1844,-1532
2.151646,3810,1867,-1980
2.152847,3791,1859,-2346
2.154047,3766,1563,-2413
2.155248,3741,1366,-2468
2.156448,3710,1330,-2420
2.157649,3674,1284,-2260
2.186085,3655,1308,-2159
2.187285,3620,1333,-1901
2.188486,3553,1324,-1611
2.189686,3565,1340,-1350
2.190887,3565,1317,-1017
2.192087,3543,1302,-822
2.193288,3541,1291,-677
2.194488,3556,1291,-628
2.195689,3603,1343,-551
2.196889,3740,1403,-407
2.198090,3780,1502,-200
2.199290,3719,1430,26
2.200491,3623,1403,207
2.201691,3566,1247,333
2.202891,3558,1215,510
2.204092,3583,1197,732
2.205292,3566,1188,965
2.206493,3587,1226,1081
2.207693,3640,1195,1277
2.208894,4079,1125,1646
2.240248,3929,1476,1839
2.241449,3840,1784,1976
2.242649,3679,1898,2136
2.243850,3601,2161,2481
2.245050,3608,2362,2660
2.246251,3583,2387,3008
2.247451,3614,2426,3241
2.248652,3589,2407,3714
2.249852,3595,2307,3728
2.251053,3603,2147,4161
2.252253,3561,1933,4765
2.253454,3528,1662,5081
2.254654,3363,1284,5557
2.255855,3187,1345,5667
2.257055,3047,1102,5391
2.258256,2993,972,5502
2.259456,2940,993,5354
2.260657,2979,1041,5277
2.261857,3023,1033,5291
2.263058,3104,1133,5005
2.280494,3140,1359,4538
2.281695,3169,1586,4400
2.282895,3251,1794,4201
2.284096,3382,1847,3995
2.285296,3453,1883,3935
2.286497,3480,1868,3935
2.287697,3528,1836,3845
2.288898,3495,1763,3577
2.290098,3495,1750,3459
2.291299,3445,1680,3229
2.292499,3417,1660,2994
2.293700,3533,1401,2579
2.294900,3640,1397,2396
2.296101,3678,1450,2051
2.297301,3643,1589,1782
2.298502,3637,1790,1651
2.299702,4019,131,-274
2.300903,5005,3874,1784
2.302103,3843,2062,750
2.303303,3992,1815,604
2.323547,3499,1449,861
2.324748,3542,1510,177
2.325948,3534,1442,12
2.327149,3526,1419,-174
2.328349,3675,1427,-517
2.329550,3712,1319,-838
2.330750,3694,1089,-1045
2.331950,3781,1004,-1385
2.333151,3852,832,-1728
2.334351,3849,646,-1895
2.335552,3872,525,-2010
2.336752,3923,511,-2076
2.337953,3940,521,-1816
2.339153,3905,510,-1987
2.340354,3904,539,-1866
2.341554,3899,742,-1789
2.342755,3887,963,-1753
2.343955,3850,1049,-1639
2.345156,3894,1222,-1500
2.346356,3876,1390,-1488
2.323705,3860,1540,-1514
2.324905,3808,1556,-1614
2.326106,3809,1634,-1749
2.327306,3793,1610,-1832
2.328507,3762,1594,-2180
2.329707,3748,1481,-2281
2.330908,3747,1240,-2241
2.332108,3747,1130,-2093
2.333309,3735,1142,-1936
2.334509,3692,1245,-1875
2.335710,3662,1359,-1823
2.336910,3642,1403,-1830
2.338111,3567,1376,-1771
2.339311,3581,1347,-1669
2.340512,3556,1288,-1584
2.341712,3565,1245,-1295
2.342913,3534,1221,-1088
2.344113,3526,1215,-1003
2.345314,3521,1187,-794
2.346514,3528,1195,-545
2.361902,3568,1240,-448
2.363102,3744,1398,-315
2.364303,3788,1416,119
2.365503,3707,1408,331
2.366704,3667,1349,452
2.367904,3585,1307,714
2.369105,3543,1221,999
2.370305,3523,1148,1113
2.371506,3504,1121,1296
2.372706,3553,1221,1564
2.373907,3663,1393,1943
2.375107,3920,1311,1912
2.376308,4094,1510,2407
2.377508,3949,1903,2741
2.378709,3832,2177,2940
2.379909,3695,2374,3778
2.381109,3645,2384,5106
2.382310,3622,2297,6230
2.383510,3540,2141,6801
2.384711,3306,2053,7187
2.410264,3035,1742,7102
2.411464,2933,1422,6992
2.412665,2783,1048,6706
2.413865,2766,1086,6649
2.415066,2776,978,6619
2.416266,2857,1103,6430
2.417466,2969,1211,6347
2.418667,3094,1596,6121
2.419867,3181,2033,5890
2.421068,3262,2189,5396
2.422268,3318,2397,4743
2.423469,3344,2393,4324
2.424669,3393,2184,3605
2.425870,3412,2011,3021
2.427070,3606,1658,2508
2.428271,3705,1503,2184
2.429471,3824,1555,1982
2.430672,3837,1704,1701
2.431872,3868,1903,1569
2.433073,3633,2671,2454
2.457668,3855,825,483
2.458868,4503,2265,807
2.460068,4031,2547,621
2.461269,3719,1373,1292
2.462469,3644,1625,721
2.463670,3470,1549,613
2.464870,3375,1515,547
2.466071,3452,1498,145
2.467271,3554,1454,-254
2.468472,3553,1277,-275
2.469672,3613,1149,-651
2.470873,3666,937,-1060
2.472073,3695,777,-1133
2.473274,3699,669,-1169
2.474474,3723,623,-1253
2.475675,3810,637,-1291
2.476875,3810,643,-1460
2.478076,3815,638,-1714
2.479276,3861,697,-2032
2.480477,3902,755,-2217
2.494109,3970,750,-2413
2.495310,4006,760,-2464
2.496510,4010,782,-2423
2.497710,3976,920,-2299
2.498911,3930,987,-2321
2.500111,3872,1175,-2512
2.501312,3888,1389,-2622
2.502512,3861,1479,-2771
2.503713,3831,1461,-2860
2.504913,3830,1517,-2939
2.506114,3802,1450,-2854
2.507314,3800,1355,-2651
2.508515,3787,1275,-2456
2.509715,3776,1322,-2398
2.510916,3713,1352,-2318
2.512116,3678,1443,-2325
2.513317,3663,1486,-2354
2.514517,3624,1408,-2333
2.515718,3575,1366,-2206
2.516918,3542,1300,-2059
2.546115,3515,1248,-1978
2.547316,3461,1137,-1782
2.548516,3508,1136,-1339
2.549717,3457,1196,-1360
2.550917,3451,1241,-1263
2.552118,3444,1270,-985
2.553318,3460,1333,-777
2.554519,3510,1337,-672
2.555719,3582,1362,-201
2.556920,3535,1342,99
2.558120,3536,1404,178
2.559321,3589,1475,335
2.560521,3669,1478,628
2.561722,3684,1457,895
2.562922,3668,1442,1049
2.564122,3641,1430,1370
2.565323,3636,1374,1652
2.566523,3652,1356,1889
2.567724,3648,1205,2226
2.568924,4192,1054,2565
2.633174,4075,1441,3112
2.634374,3969,1794,3594
2.635575,3791,1985,4683
2.636775,3622,2301,6036
2.637976,3565,2546,6571
2.639176,3372,2623,7328
2.640377,3139,2551,7756
2.641577,3047,2348,7836
2.642778,2914,2121,7693
2.643978,2888,1980,7284
2.645179,2931,1779,6808
2.646379,2966,1552,6618
2.647580,3096,1410,6444
2.648780,3225,1417,6508
2.649981,3246,1519,6512
2.651181,3252,1694,6324
2.652382,3134,1819,5946
2.653582,3040,2146,5513
2.654783,3002,2202,5270
2.655983,2975,2200,4526
2.633287,3051,2014,4003
2.634487,3127,1705,3187
2.635688,3382,1565,3026
2.636888,3480,1591,2575
2.638089,3507,1692,2163
2.639289,3545,1910,2020
2.640490,1579,2742,3720
2.641690,4822,3354,1932
2.642891,4063,2542,589
2.644091,3715,1578,944
2.645292,3492,1366,723
2.646492,3340,1281,33
2.647693,3203,1152,26
2.648893,3263,1240,-218
2.650094,3304,1179,-545
2.651294,3305,1003,-694
2.652495,3307,692,-921
2.653695,3361,612,-1216
2.654896,3405,488,-1464
2.656096,3446,477,-1512
2.633367,3598,522,-1712
2.634567,3726,626,-1965
2.635768,3859,734,-2183
2.636968,3957,743,-2704
2.638169,4145,728,-3335
2.639369,4319,690,-3967
2.640570,4375,571,-4290
2.641770,4384,470,-4371
2.642971,4342,456,-4220
2.644171,4268,629,-4137
2.645372,4109,976,-4001
2.646572,4032,1150,-3794
2.647773,3965,1452,-3406
2.648973,3901,1486,-3471
2.650174,3874,1483,-3742
2.651374,3839,1464,-3989
2.652574,3837,1415,-4091
2.653775,3796,1309,-4071
2.654975,3758,1308,-3850
2.656176,3712,1357,-3436
2.678964,3631,1454,-3358
2.680164,3551,1495,-3101
2.681365,3514,1495,-2875
2.682565,3469,1450,-2786
2.683766,3396,1401,-2547
2.684966,3350,1312,-2284
2.686167,3090,1323,-2199
2.687367,3316,1355,-2090
2.688568,3313,1382,-1943
2.689768,3319,1436,-1731
2.690969,3322,1457,-1595
2.692169,3356,1496,-1330
2.693369,3431,1556,-1220
2.694570,3522,1503,-1155
2.695770,3474,1468,-489
2.696971,3337,1531,83
2.698171,3377,1842,367
2.699372,3384,1908,471
2.700572,3459,1988,853
2.701773,3490,2099,1372
2.721259,3515,2247,1618
2.722459,3553,2179,1970
2.723660,3520,2085,2249
2.724860,3471,1916,2477
2.726061,3504,1877,2529
2.727261,3800,1624,2856
2.728462,3847,1678,3106
2.729662,3806,1860,3402
2.730863,3680,1924,3790
2.732063,3621,1930,4889
2.733263,3550,1964,6645
2.734464,3489,2052,7317
2.735664,3332,2078,8487
2.736865,3109,1976,8901
2.738065,3002,1622,8967
2.739266,2841,1623,8593
2.740466,2719,1667,7835
2.741667,2745,1608,7283
2.742867,2784,1372,7406
2.744068,2914,1258,7549
2.774265,3020,1153,7467
2.775465,3047,1382,7349
2.776666,3028,1701,6994
2.777866,2946,1864,6382
2.779067,2888,2125,5785
2.780267,2809,2258,5363
2.781468,2830,2234,4682
2.782668,2843,2043,4300
2.783868,2887,1848,4088
2.785069,2983,1823,3979
2.786269,3200,1837,3548
2.787470,3536,1695,3123
2.788670,3620,1805,2928
2.789871,3424,1924,3487
2.791071,3218,533,1088
2.792272,4956,2422,2566
2.793472,3857,2635,536
2.794673,3504,2130,1033
2.795873,3296,1516,1298
2.797074,3120,1459,402
2.820321,2949,1282,400
2.821521,3001,1275,31
2.822721,2917,1142,-16
2.823922,3052,831,-62
2.825122,3166,870,-410
2.826323,3353,731,-432
2.827523,3689,767,-905
2.828724,3812,752,-1522
2.829924,3913,633,-2059
2.831125,3997,599,-2386
2.832325,4172,262,-2805
2.833526,4136,368,-3239
2.834726,4084,194,-3365
2.835927,4151,182,-3616
2.837127,4198,171,-3709
2.838328,4157,208,-3528
2.839528,4126,304,-3433
2.840729,4062,433,-3136
2.841929,3974,782,-2852
2.843130,3932,1215,-2589
2.857296,3913,1536,-2444
2.858497,3940,1675,-2561
2.859697,3945,1752,-2813
2.860898,3944,1613,-2632
2.862098,3954,1623,-2981
2.863299,3920,1592,-3241
2.864499,3979,1478,-3308
2.865700,3989,1478,-3735
2.866900,3996,1434,-3903
2.868101,4051,1307,-3916
2.869301,4073,1290,-3954
2.870502,4063,1274,-3746
2.871702,4030,1306,-3665
2.872903,4029,1468,-3459
2.874103,4174,1584,-3153
2.875303,4179,1693,-2483
2.876504,4145,2136,-2600
2.877704,4284,2213,-2951
2.878905,4207,1909,-2681
2.880105,4225,1826,-1920
2.911011,4200,2264,-2380
2.912211,4115,2684,-2227
2.913412,4111,2532,-1968
2.914612,3956,2822,-1157
2.915813,4001,5051,1073
2.917013,5469,5594,-2943
2.918214,4953,4774,-2214
2.919414,4918,4309,-1642
2.920615,4796,3754,-2496
2.921815,4715,3322,-1313
2.923016,4727,3219,-572
2.924216,4696,3088,286
2.925417,4910,3168,1447
2.926617,5130,3115,2761
2.927818,5216,2998,2689
2.929018,5601,788,1847
2.930219,4884,306,94
2.931419,5373,2269,-19
2.932619,4793,2062,1887
2.933820,4459,2231,687
2.911140,3885,1844,2070
2.912341,3464,1202,1404
2.913541,2595,816,655
2.914742,2441,755,1730
2.915942,2318,250,1630
2.917143,1753,67,1508
2.918343,1480,131,1417
2.919544,1707,0,1736
2.920744,1587,79,1171
2.921945,1456,167,523
2.923145,1268,21,694
2.924346,1308,-248,854
2.925546,1061,-1019,1407
2.926747,312,-1218,1809
2.927947,-410,-2046,2427
2.929148,-615,-2582,2779
2.930348,-1547,-3093,3594
2.931549,-2446,-3700,4113
2.932749,-2360,-3763,4192
2.933950,-833,-2821,4244
2.953238,1199,-2093,4100
2.954438,2493,-373,3710
2.955639,2812,1126,3414
2.956839,3209,2341,2958
2.958040,3328,2868,3281
2.959240,3475,3552,3215
2.960441,3587,4012,4461
2.961641,3985,4100,4762
2.962842,4171,4338,5640
2.964042,4308,4599,5855
2.965243,4406,4612,6104
2.966443,4716,4494,5896
2.967644,4748,4061,5784
2.968844,4696,3501,5719
2.970045,4590,2972,6084
2.971245,4560,2349,6102
2.972446,4364,1935,6188
2.973646,4287,1760,6389
2.974847,4058,1591,6864
2.976047,3918,1431,7085
3.000987,3733,1131,7349
3.002187,3580,1187,7521
3.003388,3501,1103,7522
3.004588,3498,984,7390
3.005789,3470,879,7004
3.006989,3524,581,6561
3.008190,3581,399,6243
3.009390,3508,252,5463
3.010591,3467,62,4721
3.011791,3382,-141,4328
3.012992,3227,-392,3452
3.014192,3018,-530,2677
3.015393,2874,-639,2045
3.016593,2813,-587,1613
3.017794,2735,-583,1108
3.018994,2789,-389,652
3.020195,2825,-148,395
3.021395,2863,177,75
3.022596,2886,331,-314
3.023796,2875,664,-548
3.053361,2878,882,-909
3.054562,2971,1751,-2010
3.055762,3521,2431,-1354
3.056962,3299,2679,-1739
3.058163,3019,2639,-1998
3.059363,3038,2652,-2190
3.060564,3179,3126,-2687
3.061764,3338,3592,-3002
3.062965,3448,4081,-3495
3.064165,3477,4210,-4095
3.065366,3439,4529,-4315
3.066566,3372,4722,-4640
3.067767,3450,4901,-4781
3.068967,3399,4865,-4620
3.070168,3394,4778,-4901
3.071368,3386,4709,-4957
3.072569,3339,4430,-5175
3.073769,3322,4263,-4879
3.074970,3325,3866,-5036
3.076170,3308,3897,-5071
3.094451,3319,3660,-5244
3.095652,3328,3473,-5422
3.096852,3286,3379,-5548
3.098053,3261,3320,-5469
3.099253,3241,3379,-5509
3.100454,3275,3458,-5628
3.101654,3301,3489,-5500
3.102855,3272,3294,-5469
3.104055,3237,3165,-5328
3.105256,3211,3186,-5259
3.106456,3138,3081,-5015
3.107657,3074,2920,-4868
3.108857,3091,2858,-4524
3.110058,3035,2879,-4135
3.111258,2990,2901,-3851
3.112459,2974,2858,-3365
3.113659,3003,2838,-2914
3.114860,3054,2677,-2405
3.116060,3070,2486,-2208
3.117261,3105,2355,-1919
3.164449,3035,2183,-1730
3.165650,2992,1986,-1553
3.166850,2940,1895,-1227
3.168051,2931,1839,-803
3.169251,3324,1728,-299
3.170452,3684,1700,58
3.171652,3805,1807,851
3.172853,3786,2040,2157
3.174053,3775,2369,3047
3.175254,3705,2648,5035
3.176454,3754,2715,6619
3.177655,3725,2773,7761
3.178855,3697,2702,8219
3.180056,3875,2524,8867
3.181256,3989,1985,9535
3.182456,4068,1492,9900
3.183657,4280,990,10389
3.184857,4359,830,10711
3.186058,4455,540,11085
3.187258,4465,412,11209
3.208342,4555,444,11764
3.209542,4414,594,11877
3.210743,4280,740,11986
3.211943,4010,803,11839
3.213144,3751,773,11522
3.214344,3349,484,11280
3.215545,3385,101,10527
3.216745,3090,-70,9558
3.217946,2797,-220,8335
3.219146,2650,-230,7651
3.220347,2346,-187,6376
3.221547,2218,-113,5254
3.222748,2034,-148,4791
3.223948,1886,-197,3794
3.225149,1220,-231,3889
3.226349,1741,-1460,1364
3.227550,1723,-307,1331
3.228750,1011,-598,35
3.229951,755,-887,-1309
3.231151,841,-997,-1877
3.208554,978,-1029,-3073
3.209754,832,-1066,-4207
3.210955,760,-1134,-5024
3.212155,789,-817,-5313
3.213356,782,-713,-5936
3.214556,840,-452,-6199
3.215757,885,-187,-6352
3.216957,1252,235,-6400
3.218157,1575,331,-5734
3.219358,3002,915,-5937
3.220558,2267,1390,-5681
3.221759,2452,1904,-5235
3.222959,4450,2714,-3149
3.224160,4567,1378,-2112
3.225360,3417,3520,-2662
3.226561,2681,4366,-2847
3.227761,2331,4342,-2204
3.228962,2247,4005,-2354
3.230162,2340,3744,-2515
3.231363,2526,3030,-2302
3.249727,2610,2607,-2154
3.250928,2943,2461,-1750
3.252128,3213,2435,-1626
3.253329,3261,2383,-1359
3.254529,3226,2191,-1163
3.255730,3390,2263,-1109
3.256930,3398,2310,-1002
3.258131,3361,2340,-975
3.259331,3436,2728,-1067
3.260532,3502,2810,-1459
3.261732,3492,3061,-1633
3.262933,3639,3361,-1916
3.264133,3562,3561,-2404
3.265333,3432,3762,-2811
3.266534,3501,3827,-3060
3.267734,3466,3869,-3691
3.268935,3446,3931,-4174
3.270135,3102,3922,-4433
3.271336,3178,3825,-4852
3.272536,2859,3806,-5162
3.272811,2464,3791,-5582
3.274012,2292,3754,-5770
3.275212,2096,3376,-6048
3.276413,2070,3412,-6531
3.277613,2127,3326,-6705
3.278814,2318,3263,-7160
3.280014,2475,3224,-7591
3.281215,2552,3013,-7885
3.282415,2621,2975,-8151
3.283616,2572,2902,-8402
3.284816,2557,2797,-8591
3.286017,2541,2656,-8674
3.287217,2522,2463,-8754
3.288418,2434,2368,-8701
3.289618,2393,2058,-8661
3.290819,2382,1755,-8713
3.292019,2386,1677,-8600
3.293220,2356,1748,-8503
3.294420,2404,1936,-8548
3.295621,2568,2241,-8518
3.337902,2362,2262,-8233
3.339103,2470,2523,-8106
3.340303,2352,2520,-8029
3.341504,2070,2487,-7304
3.342704,1868,2240,-6469
3.343905,1791,2032,-6131
3.345105,1751,2045,-5299
3.346305,1705,2005,-4810
3.347506,1647,1950,-4192
3.348706,1697,1967,-3890
3.349907,1711,2014,-3165
3.351107,1581,2100,-2651
3.352308,1751,2273,-2653
3.353508,1721,2543,-2081
3.354709,1634,2612,-2026
3.355909,1560,2735,-1642
3.357110,1596,2646,-1437
3.358310,1621,2520,-1355
3.359511,1659,2421,-1210
3.360711,1733,2303,-1208
3.384471,1825,1926,-1070
3.385671,1935,1926,-970
3.386872,2003,1650,-1062
3.388072,2038,1326,-821
3.389273,2012,1153,-475
3.390473,1944,930,-129
3.391674,1852,809,150
3.392874,1757,793,1155
3.394075,1763,917,2801
3.395275,1842,1304,4716
3.396476,2031,1899,5941
3.397676,2325,2104,8889
3.398876,2804,2753,11829
3.400077,2957,3412,13266
3.401277,3380,4299,16075
3.402478,3608,4466,17975
3.403678,3677,5015,18617
3.404879,3638,5304,19368
3.406079,3612,5277,19036
3.407280,3541,5136,17396
3.409221,3498,4886,16698
3.410421,3390,4120,15859
3.411622,3205,3901,15255
3.412822,3080,3050,14924
3.414023,2810,2260,13663
3.415223,2353,1851,11989
3.416424,2011,1423,10410
3.417624,1849,1249,9534
3.418825,1515,1196,7898
3.420025,1243,1121,6395
3.421226,1175,1820,6454
3.422426,-825,1932,8045
3.423627,2363,2742,2137
3.424827,1471,1144,1276
3.426028,1121,472,666
3.427228,886,131,386
3.428428,948,133,-826
3.429629,825,78,-1489
3.430829,712,-47,-2602
3.432030,846,-16,-3732
3.455372,1243,72,-4769
3.456573,1214,198,-5187
3.457773,1339,234,-5735
3.458974,1608,204,-6224
3.460174,3533,365,-6917
3.461375,1634,299,-6904
3.462575,1602,762,-7076
3.463776,1631,1107,-7124
3.464976,1618,1458,-6993
3.466177,1649,1517,-6969
3.467377,1835,1628,-7016
3.468578,1948,1800,-7336
3.469778,2112,1830,-7297
3.470979,2285,2008,-7613
3.472179,2336,1803,-7772
3.473379,2659,1932,-8002
3.474580,2721,1925,-8096
3.475780,2889,1834,-8457
3.476981,2925,1759,-8936
3.478181,2867,1596,-9069
3.495335,3023,1714,-9802
3.496536,3057,1733,-9856
3.497736,3113,1703,-10293
3.498937,3074,1887,-9894
3.500137,3070,2140,-9964
3.501338,3032,2553,-9547
3.502538,2899,2838,-8834
3.503739,2976,3116,-8629
3.504939,3154,3607,-8628
3.506140,3093,3820,-8414
3.507340,2788,3731,-7925
3.508541,2906,3492,-7875
3.509741,2896,3158,-7859
3.510942,2851,2911,-7674
3.512142,2790,2548,-7584
3.513342,2774,2293,-7600
3.514543,2653,2138,-7472
3.515743,2607,2106,-7348
3.516944,2610,2182,-7320
3.518144,2559,2344,-7249
3.495486,2425,2432,-6998
3.496686,2379,2638,-6801
3.497887,2357,2820,-6676
3.499087,2260,2965,-6342
3.500288,2206,3010,-5833
3.501488,2148,3084,-5317
3.502689,2111,3175,-5022
3.503889,2034,3206,-4538
3.505090,1981,3289,-4050
3.506290,1972,3370,-3838
3.507491,1919,3303,-3251
3.508691,1980,3251,-2822
3.509892,1966,3090,-2392
3.511092,1975,2933,-2096
3.512293,1818,2915,-1433
3.513493,1636,2950,-529
3.514694,1655,3246,-186
3.515894,1510,3426,1213
3.517095,1525,3720,2762
3.518295,1565,4111,3547
3.537098,1742,4552,5395
3.538299,2115,4862,7456
3.539499,2436,5408,9834
3.540700,2603,5927,11044
3.541900,2881,6154,13376
3.543101,3083,6471,15421
3.544301,3137,6455,16218
3.545502,3106,6044,17159
3.546702,3000,5739,17254
3.547903,2773,4882,15991
3.549103,2619,3999,14711
3.550304,2512,3103,13258
3.551504,2527,2902,12180
3.552704,2708,2313,11537
3.553905,2536,2081,10454
3.555105,2408,1965,9174
3.556306,2268,1690,7686
3.557506,2164,1546,6943
3.558707,1974,1280,5331
3.559907,1847,1575,3764
3.617111,1760,1575,3002
3.618311,1630,1386,1573
3.619512,1536,1196,275
3.620712,1515,812,-902
3.621913,1527,377,-1419
3.623113,1549,203,-2372
3.624314,1605,-145,-3137
3.625514,1623,-418,-3525
3.626715,1709,-569,-4148
3.627915,1812,-570,-4606
3.629116,1856,-568,-5084
3.630316,1888,-500,-5189
3.631516,1917,-411,-5371
3.632717,2054,-211,-5653
3.633917,1923,122,-5541
3.635118,1910,337,-5437
3.636318,2203,730,-6213
3.637519,2243,944,-6094
3.638719,2221,1229,-5992
3.639920,2611,1607,-6584
3.617272,2506,1708,-6811
3.618473,2708,1751,-7076
3.619673,2873,1582,-7468
3.620874,3076,1857,-7904
3.622074,3081,1740,-7656
3.623275,3317,1863,-8160
3.624475,3441,2038,-8962
3.625676,3024,1481,-8508
3.626876,3457,1942,-8231
3.628077,3498,2739,-8639
3.629277,3140,2437,-7822
3.630478,3365,3010,-7642
3.631678,3516,3672,-7992
3.632879,3315,3677,-7451
3.634079,3447,3879,-7403
3.635280,3420,4249,-7518
3.636480,2987,3927,-7142
3.637680,3119,3851,-7230
3.638881,3140,3530,-7252
3.640081,3084,3123,-7175
3.668772,3003,2958,-7196
3.669972,3011,2760,-7163
3.671173,3011,2810,-7146
3.672373,2923,3188,-7044
3.673574,2805,3158,-6821
3.674774,2789,3332,-6753
3.675975,2714,3462,-6423
3.677175,2577,3484,-5975
3.678376,2420,3535,-5490
3.679576,2317,3526,-5231
3.680777,2161,3523,-4587
3.681977,2061,3483,-3825
3.683178,2012,3438,-3284
3.684378,2023,3584,-2319
3.685579,2008,3735,-1249
3.686779,2018,4089,493
3.687980,2088,4599,899
3.689180,2170,4927,2454
3.690381,2357,5545,3871
3.691581,2443,6048,4776
3.750944,2753,6616,6559
3.752144,2998,6843,8230
3.753345,3312,7132,10227
3.754545,3204,7413,10934
3.755746,3277,7380,12369
3.756946,3341,7374,13322
3.758147,3283,7002,13671
3.759347,3103,6370,13921
3.760548,2906,5943,13486
3.761748,2814,5118,12206
3.762949,2604,4337,11564
3.764149,2459,3902,10227
3.765350,2283,3169,9157
3.766550,2262,2509,8566
3.767751,2085,1763,7386
3.768951,2000,1355,6031
3.770151,1992,580,4536
3.771352,1997,-25,3826
3.772552,1932,-203,2257
3.773753,1849,-432,624
3.751097,1783,-550,-98
3.752298,1703,-559,-1239
3.753498,1645,-572,-2123
3.754699,1658,-541,-2512
3.755899,1661,-477,-3051
3.757100,1679,-425,-3337
3.758300,1721,-362,-3527
3.759501,1767,-289,-3534
3.760701,1805,-239,-3387
3.761902,1858,-141,-3276
3.763102,1905,-52,-3213
3.764303,1932,34,-3105
3.765503,1918,86,-3017
3.766704,1911,216,-3091
3.767904,1904,409,-3011
3.769105,1855,713,-3107
3.770305,1936,622,-3304
3.771506,1813,843,-3514
3.772706,2346,1503,-3232
3.773907,2616,1644,-3938
3.817424,2569,1572,-4111
3.818625,2650,1824,-3824
3.819825,2668,1676,-4198
3.821026,3068,1826,-4438
3.822226,3181,2012,-4741
3.823427,3159,2030,-5252
3.824627,3033,1716,-5512
3.825828,3592,2408,-7262
3.827028,3438,2382,-7314
3.828228,3190,2461,-7391
3.829429,3397,2723,-8214
3.830629,3373,3028,-8332
3.831830,3353,3046,-8221
3.833030,3229,3006,-7926
3.834231,3484,3229,-7724
3.835431,3420,3597,-8121
3.836632,3302,3666,-7830
3.837832,3103,3693,-7597
3.839033,3138,3503,-7716
3.840233,2952,3081,-7313
3.817643,2939,2900,-6831
3.818843,3006,2816,-6586
3.820044,3079,2974,-6596
3.821244,3075,3054,-6528
3.822445,3078,3266,-6290
3.823645,3025,3544,-6202
3.824845,2903,3657,-5905
3.826046,2829,3881,-5661
3.827246,2749,4008,-5513
3.828447,2699,4106,-5143
3.829647,2568,4125,-4763
3.830848,2399,4120,-4609
3.832048,2274,4063,-4284
3.833249,2107,4040,-3776
3.834449,1887,3919,-3256
3.835650,1544,3810,-2907
3.836850,1805,3788,-2092
3.838051,1907,3762,-1130
3.839251,2104,3966,78
3.840452,2212,4481,961
3.877931,2374,5280,2941
3.879131,2582,5658,5215
3.880331,2681,6587,6344
3.881532,2884,7211,8319
3.882732,2998,7519,10052
3.883933,3119,7729,11360
3.885133,3141,7616,11748
3.886334,3099,7144,12198
3.887534,3122,6847,12378
3.888735,3103,6130,12362
3.889935,2993,5319,11962
3.891136,2926,4980,11412
3.892336,2843,4341,10952
3.893537,2757,3832,10754
3.894737,2577,3556,10588
3.895938,2364,3088,9999
3.897138,2252,2621,9526
3.898339,2121,2107,8527
3.899539,2089,1875,7297
3.900740,2031,1406,5806
3.948940,1963,951,5000
3.950141,1903,789,3461
3.951341,1854,455,1861
3.952541,1839,105,1070
3.953742,1755,-181,-358
3.954942,1733,-268,-1479
3.956143,1710,-435,-2317
3.957343,1712,-669,-2772
3.958544,1692,-729,-3317
3.959744,1723,-844,-3685
3.960945,1744,-982,-3844
3.962145,1832,-1034,-4084
3.963346,1963,-974,-4130
3.964546,2260,-801,-3889
3.965747,2087,-487,-4052
3.966947,2123,-342,-4042
3.968148,2187,116,-4111
3.969348,2036,290,-4186
3.970549,2311,969,-3852
3.971749,2477,1136,-4270
3.949128,2694,1087,-4073
3.950329,2439,1322,-4698
3.951529,2664,1273,-4203
3.952729,2513,1548,-4496
3.953930,2747,1437,-5056
3.955130,3012,1704,-5535
3.956331,3120,1881,-5896
3.957531,3241,1709,-5582
3.958732,3226,2068,-6017
3.959932,3490,2177,-6788
3.961133,3418,2175,-6978
3.962333,3504,2263,-6933
3.963534,3614,2417,-7345
3.964734,3568,2526,-7221
3.965935,3555,2773,-7213
3.967135,3516,2862,-7420
3.968336,3515,2883,-7232
3.969536,3472,3040,-7114
3.970737,3407,2997,-6901
3.971937,3220,2993,-6661
3.997066,3105,2832,-6288
3.998266,3075,2538,-6270
3.999467,3029,2287,-5938
4.000667,3001,2219,-5753
4.001868,2936,2104,-5724
4.003068,2915,2110,-5632
4.004269,2861,2101,-5518
4.005469,2719,2250,-5266
4.006670,2628,2480,-5018
4.007870,2524,2736,-4552
4.009070,2462,2843,-4037
4.010271,2411,3080,-3466
4.011471,2410,3409,-3037
4.012672,2403,3597,-2139
4.013872,2478,3975,-1180
4.015073,2518,4327,-650
4.016273,2618,4672,459
4.017474,2754,4869,1436
4.018674,3037,5281,2462
4.019875,2904,5689,2979
4.047986,2995,5850,4126
4.049186,3093,6154,5443
4.050387,3162,6558,6110
4.051587,3256,7038,7767
4.052788,3311,7260,9620
4.053988,3359,7753,11021
4.055189,3411,7932,11788
4.056389,3357,7967,12375
4.057590,3275,7521,11975
4.058790,3181,6692,11414
4.059991,2986,5761,10107
4.061191,2828,5393,9159
4.062392,2719,4491,8891
4.063592,2497,3530,8267
4.064792,2294,3103,7575
4.065993,1977,2130,6627
4.067193,1867,1235,6136
4.068394,1667,275,4883
4.069594,1608,18,3497
4.070795,1658,-444,2758
4.092810,1570,-738,1092
4.094011,1601,-692,-225
4.095211,1648,-486,-1504
4.096412,1632,-288,-2054
4.097612,1673,-195,-2889
4.098813,1755,9,-3365
4.100013,1762,102,-3561
4.101214,1782,211,-3760
4.102414,1846,253,-3862
4.103615,1969,391,-3912
4.104815,2028,542,-3928
4.106016,2134,624,-3998
4.107216,2273,782,-4111
4.108417,2341,1069,-4192
4.109617,2513,1235,-4544
4.110818,2608,1284,-4902
4.112018,2712,1422,-5601
4.113219,2615,1439,-5468
4.114419,2796,1414,-6138
4.115620,2889,1581,-7037
4.092990,2807,1228,-6946
4.094190,2996,1524,-7711
4.095391,3034,1575,-7935
4.096591,3127,1625,-8253
4.097792,3350,2063,-8561
4.098992,3288,2149,-8200
4.100192,3265,2462,-7847
4.101393,3324,2820,-7522
4.102593,3378,3093,-7435
4.103794,3254,2991,-6804
4.104994,2867,3207,-6423
4.106195,3072,2835,-6473
4.107395,2955,2574,-5875
4.108596,3026,2333,-5486
4.109796,3004,2157,-5361
4.110997,3011,2147,-5129
4.112197,2958,2329,-4961
4.113398,2943,2646,-4810
4.114598,2928,2976,-4563
4.115799,2883,3133,-4482
4.157738,2792,3379,-4256
4.158938,2758,3665,-4128
4.160139,2679,3919,-3815
4.161339,2572,4059,-3444
4.162540,2537,4343,-3248
4.163740,2432,4638,-2817
4.164941,2432,4731,-2278
4.166141,2491,4827,-1696
4.167342,2580,4861,-1314
4.168542,2846,4949,-519
4.169743,2937,5014,398
4.170943,3014,5162,876
4.172144,3124,5309,1730
4.173344,3155,5365,2622
4.174545,3243,5595,3581
4.175745,3197,5739,4034
4.176946,3241,5906,5050
4.178146,3207,6133,6291
4.179347,3200,6466,7031
4.180547,3202,6790,8436
4.157978,3182,6978,9686
4.159178,3154,7124,10351
4.160379,3121,6963,10658
4.161579,2972,6686,10338
4.162780,2925,5967,9100
4.163980,2806,4999,8491
4.165181,2754,4093,7286
4.166381,2696,3602,6418
4.167582,2644,2862,5923
4.168782,2591,2229,5581
4.169983,2509,1986,4662
4.171183,2432,1472,3644
4.172384,2370,997,3055
4.173584,2281,649,1779
4.174785,2130,430,727
4.175985,2130,236,-259
4.177185,2029,-2,-812
4.178386,2004,-63,-1650
4.179586,1976,-152,-2315
4.180787,1959,-145,-2533
4.206787,1974,-82,-2873
4.207987,2003,6,-3110
4.209188,2006,123,-3189
4.210388,2057,289,-3224
4.211589,2115,368,-3144
4.212789,2228,550,-2990
4.213990,2256,681,-2962
4.215190,2371,1005,-2867
4.216391,2497,867,-2867
4.217591,2787,971,-2905
4.218792,2594,1071,-3017
4.219992,2639,1099,-3216
4.221193,2714,1212,-3448
4.222393,2710,1287,-3576
4.223593,2696,1526,-3813
4.224794,2734,1254,-4057
4.225994,2773,1186,-4251
4.227195,2867,1223,-4464
4.228395,2954,1244,-4770
4.229596,3014,1300,-4996
4.262517,3033,1370,-5068
4.263718,3078,1399,-5307
4.264918,3070,1457,-5391
4.266119,3108,1584,-5438
4.267319,3110,1729,-5475
4.268520,3088,1788,-5426
4.269720,3102,1919,-5412
4.270921,3087,2051,-5369
4.272121,3106,2117,-5270
4.273322,3028,2291,-5138
4.274522,3044,2335,-5083
4.275723,3010,2365,-4942
4.276923,2978,2380,-4822
4.278124,2997,2405,-4759
4.279324,3011,2485,-4654
4.280525,3011,2517,-4548
4.281725,3010,2697,-4463
4.282926,3005,2931,-4446
4.284126,2938,3247,-4356
4.285327,2776,3402,-4232
4.326094,2660,3649,-4199
4.327295,2477,3858,-4030
4.328495,2408,3938,-3665
4.329696,2431,4185,-3180
4.330896,2465,4480,-2853
4.332097,2610,4786,-2350
4.333297,2753,4919,-1734
4.334498,2865,5175,-1268
4.335698,2986,5303,-1002
4.336899,3112,5317,-166
4.338099,3269,5312,619
4.339299,3343,5372,1147
4.340500,3426,5376,2073
4.341700,3496,5494,3026
4.342901,3490,5618,3934
4.344101,3478,5860,4293
4.345302,3362,5867,5169
4.346502,3319,5955,5779
4.347703,3252,5811,6106
4.348903,3185,5430,6700
4.368468,3096,5234,7150
4.369669,3051,4604,7343
4.370869,2998,3904,7602
4.372070,2907,3571,7204
4.373270,2874,2992,6648
4.374471,2820,2494,6167
4.375671,2666,2261,5430
4.376872,2707,1972,4677
4.378072,2589,1632,4484
4.379273,2597,1362,3830
4.380473,2506,1141,3183
4.381674,2664,866,2493
4.382874,2650,679,2019
4.384075,2551,581,1301
4.385275,2595,581,667
4.386476,2596,640,229
4.387676,2554,686,-600
4.388877,2544,662,-1348
4.390077,2538,660,-1892
4.391277,2555,683,-2093
4.413341,2564,685,-2409
4.414542,2595,704,-2612
4.415742,2612,734,-2646
4.416943,2614,787,-2675
4.418143,2612,818,-2614
4.419344,2630,882,-2555
4.420544,2625,956,-2504
4.421745,2669,991,-2417
4.422945,2703,1133,-2389
4.424146,2713,1297,-2396
4.425346,2742,1484,-2352
4.426546,2800,1562,-2361
4.427747,3062,1730,-2406
4.428947,2869,1817,-2560
4.430148,2960,1846,-2701
4.431348,3036,1864,-2945
4.432549,3067,1908,-3082
4.433749,3118,1966,-3377
4.434950,3176,2009,-3662
4.436150,3198,2100,-4039
4.413503,3192,2199,-4139
4.414703,3252,2248,-4465
4.415904,3302,2393,-4771
4.417104,3262,2522,-4824
4.418305,3308,2560,-4924
4.419505,3342,2850,-4868
4.420706,3377,3083,-4878
4.421906,3414,3349,-4732
4.423107,3430,3406,-4489
4.424307,3470,3592,-4330
4.425508,3417,3614,-4222
4.426708,3339,3517,-3963
4.427909,3332,3261,-3698
4.429109,3321,3029,-3594
4.430310,3269,2916,-3412
4.431510,3219,2928,-3296
4.432711,3068,3064,-3176
4.433911,3006,3225,-3148
4.435112,2930,3275,-3087
4.436312,2849,3360,-2828
4.456160,2852,3461,-2665
4.457360,2811,3566,-2283
4.458561,2788,3642,-1924
4.459761,2795,3801,-1553
4.460961,2833,3928,-1392
4.462162,2901,3977,-1049
4.463362,2994,4088,-617
4.464563,3069,4213,-380
4.465763,3219,4359,134
4.466964,3318,4458,666
4.468164,3395,4600,1160
4.469365,3425,4715,1381
4.470565,3465,4748,1766
4.471766,3439,4714,2132
4.472966,3435,4625,2222
4.474167,3387,4520,2505
4.475367,3301,4348,2653
4.476568,3303,4126,2642
4.477768,3281,3843,2641
4.478969,3257,3699,2543
4.507191,3189,3400,2357
4.508392,3129,3055,2369
4.509592,3131,2725,2075
4.510793,3065,2720,1793
4.511993,3027,2391,1379
4.513194,3020,2192,1292
4.514394,2950,2048,930
4.515595,2891,1836,665
4.516795,2895,1643,454
4.517996,2824,1290,155
4.519196,2809,1442,-40
4.520397,2768,1358,-220
4.521597,2800,1314,-334
4.522798,2727,1323,-400
4.523998,2725,1337,-264
4.525199,2726,1384,-214
4.526399,2737,1411,32
4.527600,2777,1481,423
4.528800,3049,1587,690
4.530000,2858,1779,1140
4.565911,2889,1920,1463
4.567111,2917,2088,1840
4.568312,2932,2119,2077
4.569512,2996,2112,2501
4.570713,3052,2061,2815
4.571913,3101,1955,2957
4.573114,3197,1864,3148
4.574314,3276,1799,3298
4.575515,3356,1684,3471
4.576715,3393,1585,3590
4.577916,3401,1530,3743
4.579116,3401,1410,3810
4.580317,3393,1265,3806
4.581517,3368,1139,3850
4.582718,3330,1081,3890
4.583918,3255,946,3861
4.585118,3218,811,3850
4.586319,3139,777,3842
4.587519,3039,692,3772
4.588720,2977,633,3715
4.566059,2908,662,3635
4.567259,2852,645,3470
4.568460,2767,659,3323
4.569660,2743,752,3021
4.570861,2647,796,2581
4.572061,2553,952,2081
4.573262,2540,1181,1785
4.574462,2531,1389,1172
4.575663,2574,1551,601
4.576863,2584,1700,-100
4.578064,2664,1835,-575
4.579264,2749,1968,-1343
4.580465,2813,2049,-1789
4.581665,2893,2142,-2104
4.582866,2898,2167,-2340
4.584066,2940,2164,-2649
4.585267,3002,2312,-2870
4.586467,3016,2337,-3354
4.587668,3038,2401,-3654
4.588868,3049,2476,-4195
4.609115,3067,2625,-4491
4.610315,3079,2679,-4898
4.611516,3139,2821,-5250
4.612716,3109,2907,-5463
4.613917,3114,3022,-5600
4.615117,3132,3069,-5886
4.616318,3174,3228,-5987
4.617518,3199,3352,-5964
4.618719,3220,3409,-5954
4.619919,3343,3518,-5846
4.621120,3358,3569,-5831
4.622320,3445,3618,-5828
4.623521,3472,3629,-5830
4.624721,3358,3567,-5796
4.625922,3362,3245,-5829
4.627122,3330,2846,-5906
4.628323,3272,2871,-5968
4.629523,3244,2707,-5942
4.630724,3227,2714,-5872
4.631924,3105,2811,-5725
4.670943,2985,3023,-5278
4.672144,2979,3165,-5178
4.673344,2871,3201,-4997
4.674545,2826,3223,-4617
4.675745,2818,3264,-4422
4.676946,2806,3260,-4092
4.678146,2747,3323,-3788
4.679347,2690,3414,-3405
4.680547,2677,3516,-3339
4.681748,2586,3626,-3036
4.682948,2512,3688,-2596
4.684149,2531,3834,-2428
4.685349,2513,3910,-1935
4.686550,2629,3956,-1525
4.687750,2610,3909,-1177
4.688951,2657,3972,-994
4.690151,2698,4009,-666
4.691352,2667,4031,-631
4.692552,2597,3897,-440
4.693752,2709,3841,-229
4.671078,2546,3636,-56
4.672278,2572,3510,114
4.673479,2635,3360,167
4.674679,2561,3271,195
4.675880,2630,3201,116
4.677080,2553,3068,310
4.678281,2586,2974,267
4.679481,2647,2927,262
4.680681,2631,2823,492
4.681882,2685,2801,328
4.683082,2633,2781,438
4.684283,2729,2796,398
4.685483,2644,2691,506
4.686684,2765,2715,647
4.687884,2717,2630,709
4.689085,2767,2631,726
4.690285,2768,2695,859
4.691486,2783,2690,952
4.692686,2816,2764,1015
4.693887,2799,2778,1025
4.716396,2819,2769,1093
4.717597,2827,2755,1064
4.718797,2844,2726,1039
4.719998,2839,2633,988
4.721198,2855,2583,949
4.722399,2891,2463,808
4.723599,2884,2456,817
4.724800,2909,2423,775
4.726000,2896,2357,661
4.727201,2888,2334,657
4.728401,2874,2327,674
4.729602,2904,2317,699
4.730802,2971,2334,728
4.732003,3003,2329,747
4.733203,3047,2349,685
4.734404,3025,2498,788
4.735604,3118,2411,820
4.736805,3179,2227,616
4.738005,3185,2211,530
4.739206,3205,2218,531
4.766530,3211,2274,635
4.767730,3204,2319,705
4.768931,3200,2428,769
4.770131,3191,2467,749
4.771332,3187,2459,700
4.772532,3232,2431,630
4.773733,3256,2353,596
4.774933,3260,2257,591
4.776134,3267,2185,591
4.777334,3271,2075,553
4.778535,3260,1975,536
4.779735,3296,1931,493
4.780936,3288,1865,358
4.782136,3257,1798,366
4.783337,3273,1765,356
4.784537,3249,1771,291
4.785738,3267,1757,304
4.786938,3267,1807,298
4.788139,3254,1837,242
4.789339,3237,1917,335
4.809155,3202,1967,392
4.810356,3164,2013,471
4.811556,3196,2007,581
4.812757,3246,2116,615
4.813957,3250,2185,723
4.815158,3262,2192,785
4.816358,3323,2216,852
4.817559,3351,2279,892
4.818759,3393,2306,911
4.819960,3424,2332,871
4.821160,3427,2390,821
4.822361,3416,2464,859
4.823561,3416,2443,890
4.824762,3424,2523,788
4.825962,3395,2528,831
4.827163,3384,2451,852
4.828363,3430,2443,816
4.829563,3382,2411,659
4.830764,3352,2432,688
4.831964,3313,2446,653
